2026-07-29 17:53:20,f1f1d6e,- Correction on the ROV inspection screen format header, removing of the ROV word prefix from the inspection names - Rename all the ROV inspection name ROV word prefix from the backedn table too - QAQC module - Jobpack list was not populated with all the jopbacks , corrected, - QAQC module , change the searching order list, first structure, then jobpack and then sow report no.
2026-07-29 17:16:08,3f2dda6,- provided an option to print blank inspection report
2026-07-29 13:00:19,b0c1fd1,- Renamed all the inspection report template removed the prefix ROV and append as (ROV), similar for Diving too - Rename the ROV inspection name in the inspection table , ie remove the postfix ROV - Rename the template names from the final datasheet too - Even renamed the  report header too
2026-07-29 12:22:07,c45f221,- Corrected the Platform inspection summary data - Added new pltfrom inspection summary report and its preview
2026-07-29 09:58:33,99e1a2f,Added option to peview and print report of the seabed map
2026-07-29 09:29:58,d9a1dd0,fix(seabed-survey): format structure and jobpack names instead of raw IDs, and resolve vessel name from history or ROV deployments
2026-07-29 09:25:46,9447bf6,fix(seabed-survey): resolve database table names (jobpack, structure) for accurate metadata fetching
2026-07-29 09:18:44,b8df51a,feat(seabed-survey): integrate standard ReportPreviewDialog window on report button click
2026-07-29 09:11:44,bc60d15,fix(seabed-survey): display type-specific information (gas seepage intensity, crater diameter/depth) and place N/A for non-relevant columns
2026-07-29 09:03:26,e6dbed5,fix(seabed-survey): resolve typescript interface types in report options
2026-07-29 08:57:42,c003256,feat(seabed-survey): add Landscape PDF report generation with map graphics, comparison overlay, filter options, header/subheader and footer
2026-07-28 22:49:27,9382ed5,feat(rov-setup): auto carry over ROV Type and ROV Model/Name from previous dive
2026-07-28 22:43:14,df9a6cd,fix(workspace): replace full window reload on dive creation with smooth state re-fetching
2026-07-28 22:23:57,899d41f,feat(inspection): auto-stop video log on diver/ROV recovery and carry over tape_no across dives
2026-07-28 22:09:57,28f0bdc,fix(search-report-generator): correct function signatures for MGI and Seabed generators
2026-07-28 22:06:19,afd882d,fix(search-report-generator): pass required supabase argument to generateDivingSZONEReport
2026-07-28 15:03:56,ce23da5,fix(global-search, migration, reports, sow): global search report printing, migration endpoint URL encoding, structure subheader and SOW rename cascade fix
2026-07-28 01:27:27,ee793aa,-Provided an option to edit or modify the SOW Report No., once modify will update the inspection table, rov ,dive, video log tables
2026-07-28 00:56:36,58e6eb2,- rename the label at inspection screen Suggestion to AI Suggestion
2026-07-28 00:47:48,66cc58f,- Correction on the floating docker winodws when move to extended screen, show blank
2026-07-28 00:37:56,0146576,- Final and Preliminary Doc report, remove the page number from the inspection report tempalte while printing and paste the image in the doc
2026-07-28 00:20:40,1e467b9, - New report template created combination of Caisson Above and underwater - New report template created combination of Conductor above and underwater - Added the inspection summary for the Anode Maintennce replacement count
2026-07-27 23:32:54,e3a6894,- Report Template title and header change for the CAisson and Conductor topside to Above Water - Report Template SOW report no. label change to Report No. for all the inspection report tempalates - Corrected the wrong tempaltes printed for the Diving Conductor Report tempaltes
2026-07-27 18:08:37,5aee032,- Change the label correction inclinometer - Added free filter option multiple or single search at capture event list - Added close option for the docker windows - change the docker label Live preview to Photo / Video Grab - Verified Depth/ Eelvation lable change to Elevation
2026-07-27 17:14:18,3938cca,- New pipeline inspection screen - added new Menu Event buttons - Added inspection summary - Provide report template for the summary - Added 2D pipleine drawing and event flagging etc.
2026-07-23 17:30:08,fcc7eb3,- added more option in pipeline inspectopn - added 2d diagram in pipeline inspection screen. _ corrected the saving of pipeline inspection - corrected the video log in pipeline inspection . - added the inspection flow and direction in pipeline inspection
2026-07-22 17:45:33,327a880,- added new inspection screen for pipeline. - new rov dive log and video log for pipleine inspection screen - new spec for navig - new event buttons
2026-07-20 17:51:16,ed94fd7, - Correction on the Manager Overview on CP chart
2026-07-20 17:00:24,dfdedda,corrected the tape log list counter no - corrected the tape log list header - corrected the tape log list sort order and group by chapter
2026-07-20 12:51:13,d8a00c5,- Added more SOW details and anomaly status under intro of prelim doc template.. -- corrected the prelim doc template
2026-07-18 01:57:48,e85865e,- addedd the Prelim outstanding task list - corrected the prelim doc report template - corrected the prelim toccontent and added the paragraph no for the summaries - corrected the duplicate components while doing the migrtion, due to the limited fetch of 1000 records only
2026-07-16 18:17:36,488bd9c,- Data migration of Executive summary to postgres table - Correction on the Final Doc - Added more tags in the final doc - Added preliminary doc report template. - added color coding tag for the anomlaies
2026-07-16 10:51:14,e207e0a,- corrected the migration of component which del value 1 is not migrated as true - corrected the default fetching of records more than 1000 records
2026-07-15 18:07:07,6d5937a,-correction on final docx - added new tag for the doc - added tag option for the report template - added new tag for short clinet name, inspection year - added new tag for the structure report - added new tag for the structure visuals - data migration mapping was not saved to the database, now corrected
2026-06-27 19:25:16,df891bd,- added few more general variables for the Final doc -- corrected the executive summary default findis add on options with conditions - added few mote info withe variables based on the new variables
2026-06-24 22:51:08,78c2f9c,corrected the SOW screen - allow the elevation breakup for QID - corrected the check box color line and beutification too
2026-06-24 18:42:58,d11fe2b,- Added new details and sketch report for Seabed Debris survey -- Added two new report tempates for crater sketch and detail report -- Added two new report template for Gas seepage sketch and detail reports
2026-06-24 15:11:52,49fc479,- Added new report template for seabed detail report - Rename the old seabe report template as sketch report
2026-06-24 13:31:46,8994433,- Added new report template for Riser data report ROV - Added new repprt template for J-Tube data report ROV - Added new report template for I-Tube data report ROV - Renamed the old Riser, J-Tube and I-Tube report to Sketch reports
2026-06-24 12:22:47,95d6d90,Added new tabpage inspection for the platform spec
2026-06-23 10:52:43,f3524d6,-inspection screen diver or rov log make the block small. -and same fror the video log too
2026-06-23 01:37:39,80adce9,-Coorected on the Defect criteria rule cant modify - Added findings field in the Defect Criteria page - copy the defect criteria findings will be copied to inspection records findings too. -- Correction on the User management device restrction saving error
2026-06-16 17:12:36,c5d41b4,Added more option login time schedule -Added option to register the user devices. -- Aded option to use that device for certain users to login and access
2026-06-16 10:01:00,716bf37,- Report Module- at filter parameter part, change the order from first seelction of the jobpack to Structure selection and then the jobpack
2026-06-16 02:05:27,549db66,Added a new Database Backup module for the data under the Utilities section
2026-06-15 18:25:46,8216c6d, - Added new report tempalte for Caisson Under and topside for Diving -- Added two new report template for the Condutor inspection ofr under water and topside diving inspection
2026-06-15 16:35:08,40969df,- added a new MGI data report tempalte - Provide an option to open the inspection screen from the jobpack action menu - Report module - added two mode of view , card or list view and provided the search by name
2026-06-15 13:09:46,7b8b0c3,- Correction of the inspection summary - Correction on creating new inspection reocrd and update of the company_id - correction of the ROV scour report tempalte - Correction of the componenct spec give clock position error - Component spect while open for acrchived , should display that info - correction of the water detph and signator part for scour reports
2026-06-15 02:02:25,1cf1834,Renameof ACFMC to ACFM
2026-06-14 22:40:15,d570a4d,update
2026-06-13 03:08:13,1136d71,- Added drill down option for the Component count, Inspection type Count, CP Count, Anomlay counts - Added new report template inclinometer - Added new report tempalte for Anode maintenace -- Added the reprot template list duplication names
2026-06-11 18:27:20,e8ac7d1,-Correction of the DAta migration added the company_id - Added the inspection incomplet data in the routine -- Moved the Back button of thr inspection module headet to the left most of the screen -- Added the Incomplete table details in the data migration reprot and summary -- Data migration correction on the components, ass additionalinfo levelneed to be added on
2026-06-11 12:31:11,830b8c1,Changes on the navig page of inspection module, -the parameter order was changed -added few summary based on the selection at the inspection navig page -Corrected the Report module at inspection screen. some report template was not displayed, corrected that, -Reprot module proivde the correct records filtered and printed -provided the otpion of water mark and signatory options -corrected the lagging of opening the inspection module
2026-06-09 15:50:09,85f42ea,Added new spec for Inclinomenter ROV job
2026-06-08 15:59:18,3408c7a,correct the order of the inspection type in SOW, ie First dislay the ROV then the Diving
2026-06-08 13:05:05,74b89c4,corrected the Seabed map., unit type list --corrected the multi tnenat option and updated the tables with the company_id column and default to one of the company.
2026-06-06 02:02:05,4f71446,Added new report template for Diving inspection type for PL_CO, ACFMC and ROV Water Depth inspection reports -- corrected the Suggestion option
2026-06-05 21:20:40,d13221a,Added new inspection types. Rov Water Depth, ACFMC, and Coating Damage inspection screen.
2026-06-05 15:09:34,a71864b,Inspection screen - change in the logic, when new dive log added, maintain the same tape no. but change the Chapter, if new tape no require create new. - Added new report temalte for ROV SANI. - Correction on Anode GVI report exclude the sani inspection data. just RGVI and AN only - Added ADD CP data in the SANI reprot template. - Inspection scree - captured event list removed the Dive no filter as default , default will display the latest 25 inspection records and sort order by the inspection date and time -- Correct the SOW auto correction, and the SOW status of the component list which had some bug while updating.
2026-06-05 14:28:45,b2787c7,feat: update ROV Selected Anode Report (SANI) title, CP format and prepended findings
2026-06-05 02:30:07,d30ef92,Corrected the migration report, component description added the MGI profile in the migration -Corrected the MGI profile page
2026-06-04 15:06:02,8d7c20b,Correction on library migration correction on tape log migration count correctiion on componnets deleted and doesnt have any inspection filtered out -Speed up opening of insection screen. --Correction on Data migration reprot template , added oracle table and postgres tableanmes. group totals etc..
2026-06-03 17:05:36,241ee91,correction on migration assoc and library, added more details in the migration summary reprot.. --correction of migration if doesnt have sow report prefix n=umber.
2026-06-02 12:38:39,82a5c0d,Correcton on ROV selected Node inspection, New report template for Selected Node inspection  migration routine - added libraryitems --correct the anomaly migration.
2026-06-01 20:39:46,4d9b40f,Corrected Diving GVINS, CP and UT additional reading , Anomalies
2026-05-31 03:42:37,b73014f,Data migration correction MGROW,CLEAN,PL_AN, SZONE
2026-05-29 19:14:32,319ef88,Corrected migration of ROV Riser inspection Correct the Riser Clamp library list code
2026-05-29 15:28:05,c4890e3,corrected the migration routine. - ROv FMD - ROV GVI Anode - ROV MGI - ROV SCOUR - Correction or added the cascade deletion of the structue -- corrected the component clock positon - afte migrarion cant see the clock pos value. -- Mireation , avoid duplication, if component exists, oly update the component, if redo.
2026-05-29 00:39:58,d1a0c8b,Data migration module updates -Structure ,components, associates, attachments, jobpak, sow rov inspction and diving inspection data are migrated..
2026-05-22 23:47:11,a12f359,Correct the role enables Corrected the enable of Modules corrected the activation and deactivation Included all the modules in the access list after deactivate, cant allow to login
2026-05-22 15:47:36,ae2d5d4,added new user admin user authentication changes user role assignements new user management module
2026-05-21 17:49:14,0c4df7e,Migration Structure and Component copied successfully, now added the jobpack and inspection mapper., report tempalte are corrected, printing to pdf is corrected
2026-05-20 16:29:05,69e3910,Neutralize intermediate Radix Dialog portal wrapper positions to fix multi-page content repetition in print mode
2026-05-20 16:23:30,e43a5a3,Cancel dialog transforms and unconstrain widths to prevent PDF layout displacement and text wrapping
2026-05-20 16:14:13,2045c96,Fix PDF truncation issue by unconstraining Dialog parent height and overflow limits in print mode
2026-05-20 16:07:15,e399a19,Fix React hook order and integrate enriched full component names with auto-print to PDF
2026-05-20 15:45:27,c8aa03d,Update few changes on Migration tool
2026-05-19 18:05:51,ad56f1c,Added new module for Data migrastion from oracle database -provided a part for data mapping - Structure and its spec 2 successfully copied -- some of the component types. attachment, comments and associate are successfully copied
2026-05-18 14:35:57,d578c40,corrected the placement of the fields in  diving UTWTK spec
2026-05-18 12:51:57,df7ecb9,Added new reprot template Diving Clean Added new report template Diving Close visual Added new reprot tempalte Diving UT Wall thickness
2026-05-18 02:02:43,bfd1052,Added new report template for Diving BSINS and its inspection screen Added new report Template for diving MPINS and its inspection screen did some correction on executive summary module
2026-05-16 14:24:48,5f7c5ff,Added the Seabed Debris dimension of length, width, height and diameter -- added debris description field -- added an option to open either diving or ROV page while selecting the jobpack -- corrected the seabed map page to have the new dimension fields -- Take out the Action button form the captured event panel, -- corrected the smart search of the captured event panel -- correct the selection of the component, will open the first inspection type -- provide a wild card search for the captured event panel
2026-05-16 02:45:40,7f41e80,correction on the inspection screen docker panel -- enable the anomlay reference no to edit -- corrected the display, access and add additonal inpspection type after selecting the component -- when you select the inspection record for edit, and then sort the colum of the capterued event list , then make the record focus again
2026-05-15 17:46:01,d14dddb,new docking panel layout for the inspection screen
2026-05-14 18:21:31,85eed7f,Merge remote-tracking branch 'origin/main' into dev-jitesh
2026-05-14 18:21:04,a36f143,Merge branch 'dev-jitesh' of https://github.com/JuggerNaz/web-app-offshore into dev-jitesh
2026-05-14 18:19:08,8f7331f,correction on Executive summary
2026-05-13 17:32:23,11353ef,Preference setting - added more cloud storage otpions -- Retrieve the attachments and preview , update, and delete -- Corrected the upload of video files. -- upload wmv fiels after convert and upload as mp4 -- corrected he storage options
2026-05-12 17:18:10,a755351,some addons in Executive Summary -- Serial port error corrected
2026-05-12 16:20:45,1c0d7d8,corrected the global search - corrected the Anomaly link for the button -- correct the anomaly serach and opening -- corrected the component search and opening of component spec -- added an hour glass while searching
2026-05-12 15:37:26,4a7f672,correction on the inspection summary attachment group counts -- executive summary, just diplay the jobpack which having the inspection data -- Insepction ROV data string seril port connection - bug of port not closing while chaning the page etc are corrected. -- Data Aqusition page, same auto disconnect the serial port when back to previous page or exit the page -- Video recorder -- Add device to microphone device list -- corrected...
2026-05-12 09:18:30,92c596f,make all the sketch reports for Riser , Jtube,Itube, caisson, conductor the dark grey color to light grey color
2026-05-12 02:11:55,242cd26,Added new module Executive Summary
2026-05-12 00:20:20,3e986c1, corrected the ROV scour survey reprot template on burial line
2026-05-12 00:03:40,5706047, - corrected the Rov Riser guard reprot template -- corrected the ROV riser report template. -- Corrected the order of Riser parts when print the ROV Riser report
2026-05-11 18:03:37,4dc7f12,Seabed ketch report , corrected on the map for the second page
2026-05-11 17:54:35,0c2481b,set all reports the signatory part at footer - CP survey report, overwritng the row by the header content on the 2nd page, corrected - ROV caison report , Terminator QID was not clubbed to the correct parent Caisson QID. - ROV Caisson sketch report , Terminator QID was not clubbed to the correct parent Caisson QID
2026-05-11 16:27:03,3caef5f,Inspection screen - correct the color code for the Dark mode theme --Provide inspection screen header button fro delete and print out for anomlaied similar to the action button. -- Corrected the SOW - dark mode theme --SOE - provide a button to Add new inspection type from the SOW module --SOW - stop allowing to tick the inspection type selection without sow reprot no. -- sow - corrected the saving bug,takin long time to save the records. -- soe - correct the navigtaion after clicking the save button. -- SOW - corrected the navigation after clicking the close or back button. -- SOW - deletion of the SOW restricted if got inspection records --ROV FMD - added new fields for  additional FMD readings. -- ROV MGI - Sift thickness reading wont be validate against the Anomaly criteria
2026-05-11 01:54:52,1a953de,QAQC tool, At attachment section for others section , provided component types BB, FD, BL, CL, CG, CU, SG, CF, FV, WP, RG, GP to check the attachments exist or not -- QAQC attachment section corrected the sort order --Inspection screen for Anomaly and Findings , adde Recooemdation field -- corrected label display for the UT Wall Thickness at the inspection screen
2026-05-11 00:47:19,9a62b96,Added new report template Diving Marine Growth report template --Corrected some correction in the Diving MGI inspection screen
2026-05-09 12:53:00,c0a5637,Added new diving selected anode inspection --Inspection screenm, Anode, Secured default label as Yes for the check box.
2026-05-09 02:28:55,af9054c,Added new inspection report template Diving CP calibrarion
2026-05-09 00:57:54,df4c9b9,Report wizard - Correct the selection of jobpack and show the selected one. Added new report template for Diving Splash zone inspection
2026-05-08 02:23:15,9041b03,Added new report template for Diving General Visual Inspection
2026-05-07 14:37:26,f7d4785,Seabed survey GUI - added the defautl elevation while insert the flag. --corrected the mutiple flagging on same QID give unique error at SOW
2026-05-07 12:33:17,4e6bacb,--seabed survey - creation of new component, auto insert of snode, fnode and elevations.. distance etc. -- Auto update the status and entry at SOW -- IF deleted auto update the SOW too -- show the node and elvation at the leg names -- SOw  module, provide a correction button to refresh the status -- SOW module, bug correction based on the filter. -- Inspection screen - Corrected the display of the component spec for the newly created QID for the seabed -- Seabed survey- take out the auto flagging of anomaly flagging. -- Seabed survey -- Auto update of the nearest leg name and its distance.
2026-05-06 12:32:56,b6a3f1c,Added a button to register new component from the inspection screeen
2026-05-06 09:50:04,5e2f57c,Inspection screen - Darken the field labels -- Maximize the inspection spec. utilize the spec area
2026-05-05 18:09:17,9613a73,Correction on natural language correction in Smart Query QAQC module- Under teh attachment page, spil to anomalies, Findings and others Inspection screen- Captured event list , added Priority under the reference no.
2026-05-05 15:00:52,2abad09,Seabed Grid map, Comparing was not working before, corrected. Previous survey seabed flag allow to see details when clicked Bug rectified, while try to create ROV dive log, unique name Bug rectified, seabed survey map was not filetred based on the jobpack , strucure and sow report number
2026-05-04 18:20:05,d771689,added the filter option for the Seabed GUI widow at Inspection screen. --added a compare button to compare with earlier inspection at seabead survey gui screeen
2026-05-04 17:57:51,4d1d271,Created a combined ROV seabed survey report temaptle - Report tempalte correction for all the sketch reports like RIser ,JTube, ITube, teh flag line reduced the length and provide the inspected elevation label -- Update the Riser clamp insepection couple of fields -- Update the Sani Anode type libraray code
2026-05-04 17:17:26,5cf2c7a,Added new reprot templates ROV Caisson Guard inspection report and ROV Conductor Guard Inspection Report Added to the Final Report TOC list too
2026-05-04 16:59:08,0c52808,Added new reprot template for ROV RIser Guard
2026-05-04 13:09:09,0700c4b, optimize inspection summary and SOW sync - Implement dynamic SOW ID resolution in summary API - Fix numeric ID parsing for platform-specific SOW lookups - Refactor progress calculation to use total platform scope - Group and sort SOW grid by inspection mode and name - Ensure historical records are visible in all-summary views - SOW module grouping by the mode and insoection types - SOW module provide inspection type filter - Inspection screem bug rectified, failed to insert the inspection type selection into the SOW
2026-05-03 23:09:55,d1423ef,Added the Findings suggestion window for the inspection findings. Suggestion window at the QAQC Empty Findings page too.
2026-05-03 21:55:02,541e26d,Added a new module for QAQC. Corrected all the QAQC pages
2026-05-02 16:24:51,74cc307,added new utility module smart query -- added new database views for the smart query
2026-05-01 14:32:19,f877229,Correct the report preview issue at the inspectio screen
2026-05-01 13:23:57,7244f1d,1. dont allow to display of Calibrartion record in the captured event record list 2. provide labels for the two rows of the UT Calibration page. 3. Provide by default shows as empty readings for the UT calibration bloacks.ie completely blank
2026-05-01 12:47:09,d49d3f3,Inspection screen - Added more columns at captured event table - Added an option for the selection of the columns and the list order - made  the search tool more smarter - now shows the filteed row count and the totatl records - corrected the popup menu display while on float - Added the horizontal scroll bar
2026-04-30 18:53:21,96a7ee6,change word or label PASS change to Complete for all the places where it was stated
2026-04-30 16:49:07,d27fa47,Coorected the image display at the anomaly module, overwriting the image after mark up. - did the similar Diving calibrarion window for the ROV too. -- insert the new inspection types..
2026-04-30 09:51:44,d75d612,Merge branch 'main' of https://github.com/JuggerNaz/web-app-offshore into dev-jitesh
2026-04-29 15:15:33,01d0886,Correction on anomlaies module
2026-04-29 01:09:32,2b5c2f3,added new moudle Anomaly / findings
2026-04-28 21:33:26,a382377,Enahance the Global serach
2026-04-28 18:13:35,afcc503,added new diving inspection type, MPINS, BSINS, introduce organized groupings for MPINS criteria - Formatted custom grids for isolated operational sections.
2026-04-28 15:59:51,fa65813,feat(inspection): integrate standalone ROV CP Calibration capabilities - Created RovCalibrationDialog.tsx to isolate remote subsea logging. - Repositioned core geometric layouts appropriately. - Created Dive CP Calibration - Created Dive UT Calibrartion
2026-04-28 00:48:50,b228f76,Inspction screen, selection of inspection type select displayed based on the isnpection mode.. bug corrected
2026-04-28 00:22:42,ed924b6,Main menu order changed for the execution part
2026-04-28 00:12:18,d227038,feat(inspection): enhance form layouts for MGROW and PL_AN specs - Implement custom grouped row selectors for circumferential measurements - Consolidate CP Readings and Pitting constraints cleanly - Standardize multi-system unit definitions
2026-04-27 23:03:50,817d02e,fix(workspace): suppress automated defect popups on edit and enforce sequential data fetches
2026-04-27 22:22:35,c004d1d,split and make it fast retreival of the inspection screen
2026-04-27 17:37:46,9350c5a, refine diving scopes, enforce UTWTK aggregations & fix elevation UX - Filter out ROV procedure criteria from core Diving selection indices - Automate UT thickness metric calculations (Average, Min, Max, and Loss) - Restrict verification bounds across manual overriding triggers - added few Diving inspection specs, GVINS, CLEANm UTWTK,CVINS, CPSURVE, MGROW,PL_AN, SCOUR, SZONE
2026-04-27 11:30:43,05340da, refine scope navigation paths & component dialog schemas - app/dashboard/inspection-v2/workspace/page.tsx:   Fix 'View Component Spec' in Captured Events list by feeding raw model bindings directly. - components/jobpack/sow-dialog.tsx & app/dashboard/jobpack/[id]/page.tsx:   Inject soft 'returnTo' URL state propagation ensuring workspace back buttons return contexts. - scratch/verify-db.js:   Update script helper metrics mapped to SOW metadata trees.
2026-04-27 10:06:56,d86d82c,Final Datasheet preview flows and cover layout - Updated 
eport-wizard.tsx to handle nested generator calls sequentially without internal state hooks triggering multiple renders. - Corrected section indices. - Streamlined styling signatures.
2026-04-26 12:23:34,96be3cc,introduce ROV Photography Log and upgrade Video Log sorting pipelines - Created a brand-new portrait 'ROV Photography Log Report' template. - Expanded /api/reports/video-log data fetching to target both Dive and ROV master mappings. - Re-architected PDF index algorithms.
2026-04-26 01:19:07,66c7576,implement ROV Photography Report with robust error handling - Added rov-photography-report.ts generator to render attached inspection photos in a portrait 2x3 grid. - Integrated the Photography Report into the global Report Wizard and the Inspection Workspace v2 (including preview dialog). - Added quick-access report button to InspectionHeader.tsx. - Fixed 400 Bad Request error by correctly querying insp_id instead of id on insp_records. - Sanitized sowReportNo URL parameters to prevent database fetch failures from malformed filter strings. - Fixed missing attachments by using case-insensitive .ilike matching for source_type (INSPECTION). - Removed strict database-level .jpg filtering to allow .png, .webp, and .jpeg attachments to be processed. - Implemented graceful empty states to return a 'NO PHOTOS FOUND' PDF page instead of failing when records lack attachments.
2026-04-25 23:53:26,15deb87,implement ROV Boatlanding Survey Report and vessel integration - Create ROV Boatlanding Survey Report (RGVI/BL) template with hierarchical grouping. - Implement grouping logic to club sub-components under their parent Boatlanding (BL) QID. - Add vessel name collection and display in both report headers and Inspection Workspace UI. - Update InspectionHeader to show active vessel metadata from Jobpack. - Integrate Boatlanding report into the Report Wizard and Inspection Workspace.
2026-04-25 20:37:26,2f7ee72,stabilize and enhance manager executive dashboard - API: Complete refactor of /api/manager-summary for robustness and performance. - API: Implemented batched database queries to prevent timeouts and 500 errors. - API: Added defensive null-checks and comprehensive error handling across the prediction engine. - API: Fixed missing FMD data property in aggregation loop that caused runtime crashes. - UI: Enhanced trending labels to include Platform Name, Year, and Jobpack identifiers for better chronological clarity. - UI: Fixed React duplicate key warnings in charts by implementing unique compound keys. - UI: Added missing 'Progress & Execution' tab and registered UI components (Card, Progress). - Build: Resolved TypeScript build errors and implemented a custom Progress component to bypass dependency mismatches.
2026-04-24 03:05:47,18af31b,unify ROV reporting suite and metadata resolution
2026-04-23 16:43:43,27d8ec8,feat: refine Caisson Sketch graphics and resolve global build errors
2026-04-22 17:32:00,32612ee, implement unified ROV Tube inspection suite and workspace sync - Core Generator (rov-rrisi-report.ts):     - Refactored Riser generator into a multi-type engine (Riser, J-Tube, I-Tube).     - Added prefix-based filtering logic (R, J, I) for component QIDs.     - Optimized graphical profiles: Straight I-Tubes, terminal J-Tube bends, and full Riser-Pipeline connections.     - Renamed technical sub-headers to specialized labels (e.g., RISER QID, J-TUBE QID).     - Integrated anomaly/rectification audit trails into findings. - Report Wizard:     - Registered specialized J-Tube and I-Tube templates in the Inspection category.     - Added structureId validation to prevent NaN errors in Supabase queries.     - Fixed PostgREST error by aliasing 'deployment_no' as 'job_no' for ROV job joins. - Inspection Workspace:     - Synchronized reporting logic with Wizard to fetch full SOW/Structure scope.     - Integrated J-Tube and I-Tube report triggers into the header dropdown.     - Enabled full anomaly finding visibility in workspace-generated previews.
2026-04-22 16:12:01,3d68e4a,feat(reporting): implement advanced ROV Riser Survey Report with structural suspension visualization and enhanced findings tracking - Rename report to ROV Riser Survey Report and update all UI labels/filenames. - Implement advanced suspension visualization with curved mud-touch paths. - Enhance findings table with anomaly references, rectification comments, and Clamp QID highlighting. - Add professional footer with Page X of Y numbering, Report ID, and printing timestamps. - Fix TypeScript build errors related to jsPDF color parameter overloads. - Calibrate riser bend geometry to sit exactly on the mudline (0% buried default).
2026-04-22 12:26:14,273322a,resolve inspection component data truncation and UI sync bugs - Implemented while loop pagination in Inspection Workspace to bypass Supabase's hard 1,000-row limit, ensuring all structure_components and u_sow_items load completely for massive structures. - Fixed a state desync bug on the Inspection Landing Page where changing Job Packs failed to clear the old structure or refresh the SOW report dropdown. - Created and ran migrate-deleted-components.js to migrate 2,080 legacy JSON metadata.del = 1 flags to proper is_deleted = true boolean columns. - Removed lingering Git merge conflict markers that were breaking the production build in component-spec-dialog.tsx. - Applied extended query limits to ComponentTree.tsx to prevent truncation in the ROV inspection interface.
2026-04-22 09:52:19,4c7a7df,Merge main into dev-jitesh and resolve conflicts
2026-04-21 22:42:14,08a783e, component association management & list improvements - Rebuilt Association tab in ComponentSpecDialog and ComponentEditDialog:   ΓÇó Inline smart search replacing popup selector dialog   ΓÇó Search filters across Q ID, code, nodes, legs, elevations & description   ΓÇó Rich component cards showing Q ID, type badge, ID No, nodes/legs/elv   ΓÇó One-click link/unlink with immediate DB save in view mode (PATCH metadata)   ΓÇó Clear/delete association via Unlink button with toast feedback   ΓÇó Existing association pre-loaded from metadata.associated_comp_id   ΓÇó Removed one-to-one subtitle from Current Association header - Component list table (component-content.tsx):   ΓÇó Linked badge on Q ID column: shows associated component Q ID + Link2 icon   ΓÇó Full unfiltered SWR fetch to resolve associated_comp_id ΓåÆ Q ID across types   ΓÇó Removed Timestamp column; Q ID column widened (140px ΓåÆ 220px)
2026-04-21 16:13:46,f6ab425,add ROV CP Survey and ROV GVI (RGVI) report templates feat(report/cp): add new rov-cp-report.ts portrait report generator - Columns: Item No. | Component QID | Elevation | Dive No. | Tape No. | CP (mV) | Findings - Primary CP reading in CP column; additional CP readings appended to Findings with location - Anomaly reference no. and rectification comments auto-appended to Findings column - Row colour coding: red = anomaly, violet = finding, green = rectified - Standard NasQuest header (dual logos), context boxes, footer with page numbers, signature block feat(report/rgvi): add new rov-rgvi-report.ts portrait report generator - Same layout as CP report, filtered to RGVI inspection type code - Findings column includes: marine growth, component condition, coating condition,   debris + material, additional CP readings, description, anomaly ref, rectification remarks feat(inspection-screen): add CP and RGVI report buttons to inspection workspace - Added cpPreviewOpen / rgviPreviewOpen state and generate handlers in workspace/page.tsx - Added ReportPreviewDialog for both CP and RGVI reports with contractor logo fetching - Reports scoped to currentRecords in active workspace context (jobpack + structure + SOW) - Both reports use ReportPreviewDialog with print-friendly mode support feat(report-dropdown): register CP and RGVI in InspectionHeader report menu - ROV CP Survey Report: shown when any record has cp_rdg / cp_reading_mv / cp data - ROV GVI Report (RGVI): shown when any record has inspection_type_code = RGVI - Both excluded from the generic inspection type report list feat(report-wizard): register rov-cp-report and rov-rgvi-report in inspection section - Added template entries with descriptions and required field declarations - Added dynamic imports and full data-fetch + filter + generate blocks for each template - CP report: filters records where inspection_data contains cp_rdg/cp_reading_mv/cp - RGVI report: filters records where inspection_type.code = RGVI fix(build): resolve TypeScript type error in didDrawPage callbacks - Pre-load logos with await before autoTable() call - drawPageHeader() is now fully synchronous ΓÇö removes invalid async PageHook assignment   (PageHook only accepts boolean | void, not Promise<void>)
2026-04-21 12:39:12,89406ea,fix(inspection): resolve 404 on workspace route caused by corrupted .next cache feat(summary): redesign By Inspection Type section with rich color-coded cards - Each inspection type gets a unique accent color from a 10-hue palette - ROV and DIVE mode pills only render when count > 0 - Anomaly and Finding badges shown per-type with triangle/circle icons - Cards with anomalies/findings highlighted with red border glow - All info displayed on a single compact row feat(summary): integrate SANI/RSANI into Anode GVI section - Selected Anode Inspection counts (ROV/Diving/Total) merged as a   sub-section inside the Anode GVI card, separated by a divider - Removes the old standalone SANI section to reduce dashboard height - Sub-section only rendered when sani.total > 0 fix(api): extend inspTypeBreakdown to track anomaly and finding counts per type - Anomaly/finding counters per inspection type now require a valid   non-null defect type or priority (reuses VALID_PRIORITY /   VALID_DEFECT_TYPE guards), consistent with overall anomaly totals style(summary): increase InspTypeCard font sizes - Code badge: 10 ΓåÆ 11px - Inspection name: 12 ΓåÆ 13px - Mode/badge pills: 10 ΓåÆ 11px - Total count: text-base ΓåÆ text-lg (18px)
2026-04-21 01:26:40,c53eef4,refine dashboard metrics accuracy & data scoping API (inspection-summary/route.ts): - FMD: fix field mapping to use correct member_status field (Flooded/Dry/Grouted/Inconclusive) - Anode GVI: add depletion % bucket breakdown (0-25, 25-50, 50-75, 75-100) and anode condition counts - Anomaly/Finding: group by priority_code (P1/P2/P3) from insp_anomalies instead of defect type; also added byDefectType as secondary breakdown - Filter out Unknown/empty/NONE entries from both priority and defect type maps ΓÇö excludes from totals too - Attachment Groups: count by unique component_id (QID) instead of total inspection records - CP Readings: scan ALL inspection types (RGVI, RRISI, RSZCI, RCOND, RCASN, RSWNI, RSANI, CP) for embedded cp_rdg/cp_reading_mv fields; add separate ROV/Dive splits for primary and additional readings; min/max tracked across all readings - SOW Progress: scope u_sow_items query to jobpack + structure + sow_report_no (via report_number filter) for accurate per-report completion stats - Inspection Overview anomaly/finding stat cards now use the filtered (valid-priority) totals UI (InspectionSummaryPanel.tsx): - Display correct FMD member status labels with conditional colour highlighting - Add Anode depletion horizontal bar chart and condition breakdown grid - Anomaly section: primary grouping by priority (P1/P2/P3 with colour coding), secondary by defect type - CP section redesigned: Primary readings (ROV/Dive/Total) + Additional readings (ROV/Dive/Total) + Grand Total row + Min/Max cards InspectionHeader.tsx: - Fix Inspection Summary button contrast: solid cyan-600ΓåÆteal-600 gradient with white text
2026-04-20 18:17:19,ad4bf49,- Refactored Seabed Survey reports to use the preview dialog workflow instead of direct downloads. - Streamlined the Reports dropdown by removing redundant RGVI entries and collapsing empty menu sections. - Implemented a sophisticated Syncing Seabed Data loader overlay in the Multi-Drop Survey GUI. - Optimized coordinate retrieval error handling for the interactive seabed plotter. - Updated the Seabed Survey report generator to support in-memory PDF blob generation for live previews.
2026-04-20 17:49:45,045c4d5,- Implementation of a real-time Smart Search filter for the Captured Events table. - Added visual synchronization feedback (spinners & overlays) across the main Inspection Workspace and detached (PiP) windows. - Integrated historyLoading states to the component history section for improved data-fetching transparency. - Enhanced the Seabed Survey Multi-Drop GUI with a high-contrast loading overlay and refined coordinate sync logic. - Resolved critical JSX syntax errors in page.tsx and optimized table component nesting for production stability.
2026-04-20 16:37:52,9432dbe,Implement automated anomaly reference mapping and rectification tracking across MGI, SZCI, FMD, Scour, Riser, and Anode reports. Standardize report headers with SOW Report Number and apply elevation-based (top-to-bottom) record sorting. Add Ink Saver (print-friendly) mode to all ROV reports, optimizing headers and signature blocks for physical printing. Restructure UT wall thickness UI in InspectionForm for improved data entry layout. Implement row-wide status color coding (Bold Red for anomalies, Bold Green for rectified). Fix various ReferenceErrors and TypeScript build issues in report preview modules. Resolve duplicate report preview dialogs in the workspace dashboard.
2026-04-20 13:01:09,af8c440,- Implement new ROV Riser Inspection (RRISI) generator with technical graphics - Enhance RSCOR survey plotter with curved mudlines and dynamic leg/node mapping - Synchronize dual-logo branding and vessel metadata across all survey reports - Fix TypeScript build errors by standardizing generator return signatures (void | Blob) - Resolve jsPDF type conflicts in graphics module using type-agnostic handles - Add SOW Report No and Date Range to technical report headers Completed the ROV reporting suite by adding RRISI structural reports, refining Scour Survey graphics, and resolving global TypeScript/build stability issues for automated deployment.
2026-04-19 02:59:43,48896db,New Report Template: Created rov-utwt-report.ts for ROV UT Wall Thickness inspections, featuring a technical layout for 4 clock-position readings, elevation data, and aggregated findings. Reporting Enhancements: Updated rov-szci-report.ts to concatenate Additional CP and Additional UT readings into the Findings column. Implemented a suite-wide Ink Saver (Print-Friendly) mode in rov-utwt, rov-szci, rov-fmd, and rov-mgi generators. This mode swaps heavy navy/teal backgrounds for high-contrast outlines to minimize ink usage. Developer Experience & Build Fixes: Fixed TypeScript Build Error: Resolved a type mismatch in rov-mgi-report.ts where setTextColor received mixed array/number types. Refactored to explicit RGB values to satisfy library overloads. Verified stability with a successful production build (npm run build). Integration: Added action buttons and dedicated preview dialogs for RUTWT in the Inspection Workspace and Report Wizard. Configured advanced filtering in the Report Wizard to isolate RUTWT inspection records by SOW. UI/UX: Standardized metadata headers (Structure, Vessel, Jobpack, Date Range) across all ROV reporting modules.
2026-04-19 02:33:39,2369466,ROV FMD Integration: Implemented a professional PDF generator for FMD reports and registered the template across the Inspection Workspace and the Report Wizard. Workflow Enhancements: Introduced a Preview-First workflow with a dynamic PDF dialog for immediate verification. Database Fixes: Resolved sync errors related to table references (insp_rov_jobs/insp_dive_jobs) and deployment metadata aliasing. Layout Optimization: Refined report headers and added dedicated columns for 'Status' and 'Findings'. Data Retrieval: Enhanced record queries to automatically include job numbers and video tape references from related tables.
2026-04-18 14:04:14,3aa5175,integrate ROV FMD Inspection report and optimize data syncing - Created deep-integrated ROV FMD (Flooded Member Detection) PDF report generator with professional branding. - Registered the new FMD template in both the Inspection Workspace and the Report Wizard dashboard. - Implemented Preview-First workflow for FMD reports with a dynamic PDF preview dialog. - Fixed database sync errors by correcting table references (insp_rov_jobs/insp_dive_jobs) and aliasing deployment metadata. - Refined FMD report layout with dedicated 'Status' and 'Findings' columns and optimized table headers. - Enhanced inspection record queries with automated joins for job numbers and video tape references.
2026-04-18 12:58:50,0d695a6,finalize ROV MGI survey report and preview workflow - Rename report to ROV MGI Survey Report with premium dual-logo branding. - Implement Preview-First workflow in the workspace via ReportPreviewDialog. - Replace MGI Profile context with automated Vessel metadata in headers. - Enhance Marine Growth parsing to display Hard/Soft coverage percentages. - Standardize technical color-coding (Maroon for limits, Red for anomalies). - Remove redundant RMGI menu items from the generic inspection list. - Fix TypeScript build errors related to report generation return types.
2026-04-18 02:54:15,3d83fbc,feat(report): implement Marine Growth Survey Graph Report (ROV) with integrated profiles fix(report): resolve ReferenceError in signature block and fix TypeCheck failures style(report): consolidate headers into premium Navy-colored unified layout style(report): add compact HARD/SOFT subheaders with minimized vertical footprint style(report): brighten graph scale labels and implement transparent logo background feat(report): add governing value highlighting (Bold Teal) in MGI readings table fix(report): extend graph profiles to touch table boundaries for continuous look
2026-04-17 17:32:32,d2ff1fe,fix(inspection): resolve RMGI save failure and improve elevation persistence - Fix: Removed non-existent 'updated_by' column from insp_records payload to prevent save errors. - Fix: Corrected Platform depth retrieval; now correctly queries 'depth' from the platform table. - Fix: Resolved blank elevation field during record modification by whitelisting 'verification_depth' and adding a database column fallback. - UI: Compressed MGI Thickness UI header and removed detailed profile card to optimize vertical space. - Logic: Updated InspectionForm.tsx and page.tsx to ensure consistent data mapping between JSONB and table columns.
2026-04-17 13:20:15,adf8242,Database Migration: Changed MGI Profile IDs from UUID to SERIAL (Integer) in SQL migrations and updated the jobpack foreign key to match. Schema & Types: Synchronized supabase/schema.ts and frontend interfaces to support integer-based MGI Profile lookups. Editable Elevation: Enabled manual editing of Verification Depth across all inspection types and added a multi-unit selector (mm, cm, m, ft, in). MGI Layout Restructuring: Reorganized thickness fields into a compact 4-column clock-position grid (12, 3, 6, 9) with separate rows for Hard and Soft growth. Prop Handler Standardisation: Standardised the handleDynamicPropChange signature across the workspace components to fix interaction and data mapping bugs.
2026-04-17 03:05:27,858f1c4,feat(inspection): implement MGI Profile management and elevation-aware validation - Core MGI Profiling:   - Created MGI Profiler settings UI for managing Global and Job-Specific profiles.   - Implemented dynamic elevation resolution supporting MSL, Mudline, and Fractional Water Depths (1/4 WD, etc.).   - Enabled manual coordinate entry for custom depth-specific thresholds.   - Added backend API routes for MGI profile CRUD operations and jobpack linking. - Workspace Integration:   - Integrated real-time threshold validation in InspectionForm with auto-anomaly triggering.   - Implemented SOW progress synchronization to automatically update elevation-bound tasks.   - Added persistence for active MGI profile IDs within inspection records for auditability.   - Refined UI with navigation back-buttons and improved status tracking. - System & Technical:   - Updated Supabase schema type definitions to resolve production build failures.   - Standardized schema file encoding and fixed API type mismatches.   - Created MGI_PROFILER_GUIDE.md documentation for operator reference.
2026-04-16 15:52:44,3f222b3,feat(seabed): implement spatial alignment, dynamic units, and report legend filtering - Synchronize GUI and PDF map scaling (leg ratio 0.14666). - Implement range-based rounding for accurate QID grid selection. - Add field-level default units (m vs mm) in inspection registry. - Integrate unit selection dropdowns in Seabed GUI sidebar. - Filter PDF report legends by category and fixed header overlap. - Fix broken imports in WorkspaceV2Page to resolve build failure. - Fix broken import in WorkspaceV2Page. - Make report signatories (reviewedBy, approvedBy) optional in ReportConfig. - Implement null-safe checks for signatures across all report generators. - Update grayscale jsPDF calls to explicit RGB triplets in Seabed report.
2026-04-15 23:15:20,2122386,Correction on the seabed GUI screen and the flags selection and drags. and inserting new flags etc
2026-04-14 18:00:22,4d764fa,feat(inspection): enhance seabed survey plotter and captured events PiP
2026-04-14 12:40:01,8c0e14b,Update inspection types: rename reading_value to density_value and add unitCategory
2026-04-13 17:56:29,b391fc9,Added GUI for Seabed survey
2026-04-13 12:39:07,f024521,- Hardened Data Isolation: Enforced strict structure_id and sow_report_no filtering inside syncDeploymentState, syncSowStatus, Calibration verifications, and tape allocation fallbacks in workspace/page.tsx to completely prevent cross-platform/SOW data bleeding on generic deployment IDs. - Dynamic SOW Tracking: Decoupled the Scope of Work sidebar UI from statically trusting u_sow_items.status. The UI now dynamically infers an item's true completion status (Pending/Completed) exclusively against authorized insp_records generated within the active Scope context. - Fixed UI Symbol Corruption: Stripped out corrupted UTF-8 hex artifacts (e.g., ├ó┼í , ├âΓÇö) from the Live/Manual recording toggle and the Component Task Selector (Select Scope to Inspect module). - Updated standard effect Dependency Arrays across all fetched hooks to ensure real-time re-renders when swapping structures. - Added inspection_screen_logic.md architectural walkthrough to the project artifacts logic memory for documentation consistency.
2026-04-12 19:56:16,e47dee7,1.Added ROV inspection type spec details in the json files and update the table
2026-04-12 01:20:07,57a30a4,- Implement deletion confirmation and per-row delete for repeater fields - Add multi-unit selection support (Metric/Imperial) with initialization logic - Fix duplicate unit display in CP/UT additional readings via de-duplication - Add delete functionality for Defect Procedures with rule-dependency check - Fix schema naming typos and integrate CP additional readings into RGVI specs - Resolve TypeScript build errors in API routes and migration scripts - Remove the inspection types PLATGI, LOGS, EXSUM and NAVIG from the inspection task list
2026-04-10 17:59:31,143da1f,fix: resolve build errors and clean up inspection types - Fix TypeScript type errors across 16+ API routes by casting dynamic   [id] params to Number() where columns are numeric (pipeline, platform,   comment, attachment, defect-criteria, structure-components routes) - Fix taskstr route: revert Number() cast since inspno is a string column - Fix structure-components POST: remove invalid 'context' reference,   destructure user from withAuth params correctly - Fix platform/elevation route: add null guard for searchParams.get() - Remove PLATGI inspection type from inspection-types.json - Filter out discarded codes (PLATGI, LOGS, EXSUM, NAVIG) from the   re-classify task selector in the inspection workspace UI - Fix JSON syntax error in inspection-types.json (duplicate closing brace) - Add cleanup phase to sync-specs.mjs to delete orphaned DB records - Add Dynamic Inspection System docs and scratch utility scripts
2026-04-09 16:21:16,7b76a4d,1. Added global unit type setting at preference 2. created inspection type default propertie spec field details in json file at utils,types folder
2026-04-09 11:44:41,7759ce5,Inspection Data Integrity & Time Management Smart Time Masking: Implemented an automatic formatting mask in the inspection workspace. As users type digits, the system now auto-inserts colons (e.g., 1130 ΓåÆ 11:30) and enforces a strict HH:MM:SS structure. Automated Validation & Normalization: Added a normalization on blur feature that auto-corrects partial entries (e.g., 11:30 ΓåÆ 11:30:00) and validates ranges (capping hours at 23 and minutes/seconds at 59) to ensure database compatibility. UI Guidance: Introduced HH:MM:SS placeholders across all time-related fields to guide the user on the expected data entry format. 2. ROV & Video Telemetry Integration Live Counter Sync: Finalized the logic to auto-populate the Counter Override field with the current live video timer for active inspections, reducing manual entry errors. Manual Mode Enforcement: Implemented strict validation that requires manual tape counter entry when the system is in manual override mode. Record Guardrails: Prevented inspection records from being committed if the video counter is not running or if a valid manual counter hasn't been provided, ensuring every entry is linked to a specific point in the video log.
2026-04-08 17:34:45,10a0a8b,1. Added Tape number deletion if not tape log registered. 2. While selecting different tape number and chapter the tape counter and tape event log will be refreshed. 3. Allow the change the Chapter number
2026-04-08 16:17:11,e916042,1. Removed the Job type from the Jobpack to SOW module,based on SOW number job type differes. 2. Redeign the SOW module 3. Added a full component assest filter option. 4. Provide fileter option for selected, inspected, pending, anomaly etc. 5. Bulk select of inspection task for more than one component based on filter is possible. 6. Provide a chart or graph to show the percentage the task or component was insepected and can be drill down too.
2026-04-07 17:37:14,cd44a79,1.error correction at user Data module. 2. Rename Assest Explorer to Field Overview 3. Added the Search option at Field Overview 4. Added Card or Table view for the Field Overview
2026-04-07 16:46:01,e3ec3b6,Merge remote-tracking branch 'origin/dev' into dev-jitesh
2026-04-03 17:46:29,ce3794d,1. Tape & Chapter Editing: Enabled manual overrides for Chapter Numbers and Tape Names via a new management dialog. 2. UI Optimization: Rearranged the Video Log layout to provide more horizontal space for tape names and relocated the New/Edit buttons to a cleaner top-line position. 3. Conflict Resolution: Provided a database migration strategy to allow duplicate chapter numbers, resolving the Unique Constraint errors you encountered during manual corrections.
2026-04-03 13:57:13,2bcbc6a,1. Refined User Directory: Corrected column labels ( Registered Date vs Last Active) and standardized 24-hour timestamp precision. 2. Premium User Profile Card: Implemented a stylish popup modal with a large avatar and detailed professional info. 3. Real-time Presence System: Built a tracking system using Supabase Realtime and persistent database heartbeats. 4. Sync Diagnostics & Fixes: Resolved clock-drift issues and provided a migration path for activity tracking.
2026-04-02 18:10:34,c2f7e44,1. Corrected the user profiel setting update of Photo and full name details 2. Corrected the display of the status in the User Data module
2026-04-02 17:26:02,1824dbd,1. Inspection record QID change done 2. Rename video feed to Live stream and the setting button etc
2026-04-02 12:59:37,8673092,1. Provide the option to change the saved inspection data to change the component qid or inspection task
2026-04-01 17:37:35,2da6d52,1. Added ROV type and its list box with values 2. Rename the Detailed Field Notes to Findings for all the inspection types
2026-04-01 16:26:49,aa7aa64,1. Rename the Tape management to Video Log 2. Make the video log event list as popup window for edit or delete 3. Dive movement correction - while in the log list the action was inserted as wrong
2026-03-31 13:02:08,3587974,1. Added floating window for Captured Events
2026-03-31 12:34:09,a798873,1. Corrected the spacing of the tape managment section. 2. Corrected the Vdieo streaming button and menu. 3. Added the fields for Anode type and Rov GVI 4. Added the library for the Anode Depletion list. 5. Added the link for the Workspace (SOW ) page from the Inspection screen 6. SOW module - added filter for the component selected list , for inspected, incompelte and pending one. 7. SOW module - Disable to untick for those have inspection data.
2026-03-29 23:46:54,53d7ad4,1. Make inspection screen modularized. 2. Make it more fast 3. Change little bit of GUI on tape management 4. Make the Tape log exan and collaspe window, when reuqires expand it.
2026-03-25 17:40:55,3f9db8c,1.inspection screen - display fields on new and modified record corrected 2. Added the drop down list option based on the library code. 3. If statuc list can do and store in the inspection type table
2026-03-24 18:36:09,133d124,1. Anomaly report template correction 2. Both report template at the reprot wizard and at inspection record 3. Module inspection type library, provide an option for the admin user to define the property sheet based on the component type can set now done for ROV inspection 4. Based on the Insepction type default properties the fields are displayed
2026-03-19 17:52:16,04644a1,1. Correction of the display of the Inspection spec 2. Auto Anomaly 3. Attachment 4. Auto attachmet title 5. Defect reprot template correction 6. Show attachment icon in the event captured list 7. Can see the attachment clicking on the attach icon 8. Attachment saving and retrieving is done
2026-03-18 17:26:34,eb0ebdc,Inspection screen changes, increase font size for the event log - Added current workscope under the historical seciotn for the selected component. - corrected the tape log actions when user swap the page and come back.
2026-03-18 10:08:45,f81b9bb,Jobpack module, label change for Dive type to Inspection mode and remove Estimated Time field
2026-03-17 17:32:06,959415d,Inspection screen - set validation and use defect criteria added Finding, Anomaly , Incomplete buttons
2026-03-11 12:19:22,d775f2a,Corrected the ROV UTWT spec. Added Nominal Thickness, Location and Position fields
2026-03-10 17:34:45,8e7085d,1. ROV inspection data save corrected 2. Added icon to view component spec from the inspection screen 3. Remove the inspection report from the action menu of the event record.
2026-03-10 16:35:52,d904337,1. ROV inspection default property sheet was set 2. ROV data string can connect and assign to the respective inspection columns 3. Platform visual images now can have title and description
2026-03-09 19:32:33,069f932,1. Added an option to select the modules for the users, if the user is an admin. 2. Corrected the User login status 3. Inspection screen - ROV data string setting, added an option to select the target fields based on the inspection type, structure types. 4. Inspection Screen - If connected to ROV data string, while creating the new record, the fields will be updated with the values from the data string
2026-03-08 17:27:17,dbf5476,corrected the ROV spec property sheet and its auto field display based on the inspection code.2. Added CP and UT additional entry option
2026-03-05 18:59:52,a627e87,1. Structure Comment page label change from Discussions to Comments 2. Provided three action button, Modification, not for report and permanent Delete 3. Structure summary report template change, added comments and provide fileter to avoid not to print the comments in the report
2026-03-05 12:12:42,5f355bf,Changes on the Dive and ROV log and movement, next action logic set for ROV, Auto Dive no based on the Format define in the First dive.
2026-03-04 13:32:31,81496f6,Correct the routine of the inspection Tape log and log event details, auto tape no sequence no change and the auto chapter number changes
2026-03-03 17:57:12,f164f64,Label changes on Inspection screen
2026-03-03 17:52:23,8c9f32f,Change 'Dive deployment' to 'New Dive'
2026-03-03 17:33:14,e9d3904,Fix robust chapter auto-increment when tape is stopped and restarted
2026-03-03 14:59:21,5b95b01,Update target history and component label, add auto-increment chapter for video log
2026-03-03 12:58:00,30b30df,Hide stream control area when in PIP mode
2026-03-03 12:47:38,10ac88b,Update inspection UI labels
2026-03-03 12:32:04,81661f7,1. Added two new reprot templates - Finding summary and Finding Report 2. Corrected the logo backgrounds to transparent 3. Corrected the logo streching horizontally - Stop the horizontal streching 4. Provide a new prameter selection style for the Report wizard
2026-03-03 02:01:46,0866b68,1. User data module corrected the status 2. Update the ROV inspection types in the inspection_type table 3. Update the Jobpack module to reflect the ROV inspection types. 4. Update the SOW module to include the ROV inspection types. 5. Update the Inspection screen to reflect the ROV inspection types filtered based on the inspection mode
2026-03-01 15:47:18,d82d24b,Changes on Inspection pages 1. Added historical Dive no list and selection 2. Option to have mutiple Tape no and its selection, modification etc. 3. Corrected the retrieval of Diving and ROV pages. 4. Added an option to record FINDINGS similar like Anomaly. if user want to record it as findings.
2026-02-28 23:27:25,5624090,1. Report template change on the logo resizing and transparent backgrond 2. New inspection screen design, Diving and ROV in one page
2026-02-23 17:38:25,0abb9dd,few changes on Dive inspection screen and ROV inspection screen
2026-02-21 16:34:20,e568abe,1. Bug correction on Inspection Record  while modifying the reocrd, component qid changes.. 2. Added Inspection Attachment Title and Description fields, 3. Added an option to set the image order while printing for the inspection attachment 4. Anomaly Report Template correction - Added the Attachment Title and description. 5. Inspection record modifacation over write the inspection record creation date. bug corrected
2026-02-21 13:11:04,362273d,new report templates, Defect Summary , Diver log report, Video Log Report
2026-02-19 16:49:01,a45dac1,correction on Anomaly Report Template
2026-02-19 16:30:29,db6d08b,added printer friendly option, added on preview screen, changes on Anomaly Report Template
2026-02-19 11:57:39,6f800fc,Some changes on Anomaly reprot template
2026-02-19 01:03:15,1b3ad42,added report preview for the defect/Anomlay report in inspection record screen, and did some changes on anomaly report template.
2026-02-18 15:17:17,123641b,Added Inspection module (Diving ,ROV), Added Anomlay Report - First insepction report , Added print report from jobpack action menu - Jobpack summary report.
2026-02-10 10:49:55,02cd622,correction on SOW reports- split by report number and printing report prefix.
2026-02-06 22:28:09,b47e3f2,New report templates are added for the Jobpack
2026-02-06 00:11:58,fadf922,space correction and GUI change on SOW module
2026-02-05 20:41:39,3c4620d,corrected the build error
2026-02-05 20:32:39,2035d97,added new SOW module under jobpack
2026-02-04 14:16:41,a672ee0,changes on jobpack screen
2026-02-03 18:06:09,e5d3d50,correction on jobpack module, color while dark mode and contractore name display issue
2026-02-02 14:20:22,a6a85cf,Jobpack Consolidation and Deletion  corrected
2026-02-01 15:16:36,c7d2fb6,few changes on Jobpack - selection of default inspection types and reuires inspection types'
2026-02-01 03:34:11,8912cce,some changes on jobpack
2026-01-30 19:21:36,971111f,Resolve conflicts and accept incoming dev changes
2026-01-30 19:06:29,cecb8af,Merge remote-tracking branch 'origin/dev' into dev-jitesh
2026-01-28 10:54:23,0bb98f8,Added the additional fields for the Boatlanding similar to Boat Fender columns
2026-01-27 16:37:39,aecc393,Make logo big at navig, Removed the unnecessary additional Fields from the component, Component list scroll corrected
2026-01-26 17:30:52,a28193c,tested the serial port connection and settings..
2026-01-26 15:07:11,b048bf2,Added defect criteria reprot template and included in the Report Wizard, set color forthe priority based on the library
2026-01-26 12:26:28,d3d06d9,Added the Defect Criteria setting module under the settings
2026-01-23 10:43:51,6285ce2,provided the COM port selection and its connectivity
2026-01-22 16:06:32,d6cbf94,Added Share button fro the Report wizard, and added settings for the ROV datastring settings.
2026-01-21 17:02:56,a470865,New Settings was added, Video Capture settings for inspection
2026-01-20 12:07:54,1eee9b6,Error while navigation the structure pages, corrected
2026-01-20 11:25:14,17a915e,Correction on the navigation back from the structure spec to main navig
2026-01-15 11:18:13,de15718,corrected and fix of contractore and  Company logo, log on  report template, library module set a filter
2026-01-14 17:30:35,0bc5358,few changes and add ons on library, added u_lib_combo items, Color picker and contractor log etc
2026-01-14 12:30:44,4888ee3,new changes in library, reprots, and settings'
2026-01-14 10:17:56,591fd10,Merge origin/dev into dev-jitesh - resolved conflicts by accepting dev branch changes
2026-01-14 10:12:25,4d283ef,Save local changes before syncing with remote
2026-01-13 17:07:17,542fdc3,new menu for library and report modules are added
2026-01-06 11:50:41,b6bfc32,corrected the scrolling issue
2026-01-06 11:28:16,ba9637b,Merge dev into dev-jitesh
2026-01-05 13:21:23,dc4cf69,changes on the navigation part, try to have Card and list view method with icons
